embeddings	embedding_dimention	activation_function	epochs	pca	accuracy	precision	recall	f1_score
word2vec	300				0.840753	0.880608	0.904687	0.892486
glove	300				0.825342	0.867825	0.897656	0.882488
numberbatch	300				0.748288	0.791522	0.889844	0.837808
word2vec	10	tanh	50	pca	0.786530	0.843703	0.868750	0.856043
word2vec	10	tanh	50	nopca	0.821347	0.863261	0.897656	0.880123
word2vec	10	tanh	100	pca	0.795091	0.843913	0.882812	0.862925
word2vec	10	tanh	100	nopca	0.817922	0.881652	0.867188	0.874360
word2vec	10	tanh	200	pca	0.804224	0.849366	0.889844	0.869134
word2vec	10	tanh	200	nopca	0.805365	0.853273	0.885938	0.869299
word2vec	10	tanh	300	pca	0.797374	0.857143	0.867188	0.862136
word2vec	10	tanh	300	nopca	0.797374	0.878168	0.839063	0.858170
word2vec	10	tanh	400	pca	0.739726	0.830128	0.809375	0.819620
word2vec	10	tanh	400	nopca	0.809361	0.858877	0.884375	0.871440
word2vec	10	tanh	500	pca	0.754566	0.807971	0.871094	0.838346
word2vec	10	tanh	500	nopca	0.791096	0.869144	0.840625	0.854647
word2vec	10	relu	50	pca	0.786530	0.868893	0.833594	0.850877
word2vec	10	relu	50	nopca	0.794521	0.854391	0.866406	0.860357
word2vec	10	relu	100	pca	0.791667	0.850575	0.867188	0.858801
word2vec	10	relu	100	nopca	0.803653	0.846154	0.893750	0.869301
word2vec	10	relu	200	pca	0.805936	0.872425	0.860156	0.866247
word2vec	10	relu	200	nopca	0.802511	0.859784	0.871875	0.865787
word2vec	10	relu	300	pca	0.788813	0.859968	0.849219	0.854560
word2vec	10	relu	300	nopca	0.816210	0.881369	0.864844	0.873028
word2vec	10	relu	400	pca	0.807078	0.863426	0.874219	0.868789
word2vec	10	relu	400	nopca	0.767123	0.808782	0.892188	0.848440
word2vec	10	relu	500	pca	0.789954	0.848624	0.867188	0.857805
word2vec	10	relu	500	nopca	0.750000	0.832543	0.823438	0.827965
word2vec	10	sigmoid	50	pca	0.805365	0.872915	0.858594	0.865695
word2vec	10	sigmoid	50	nopca	0.828767	0.867868	0.903125	0.885145
word2vec	10	sigmoid	100	pca	0.793950	0.863816	0.852344	0.858042
word2vec	10	sigmoid	100	nopca	0.832192	0.875190	0.898438	0.886662
word2vec	10	sigmoid	200	pca	0.791096	0.848323	0.869531	0.858796
word2vec	10	sigmoid	200	nopca	0.826484	0.877709	0.885938	0.881804
word2vec	10	sigmoid	300	pca	0.788242	0.859289	0.849219	0.854224
word2vec	10	sigmoid	300	nopca	0.789954	0.846505	0.870313	0.858243
word2vec	10	sigmoid	400	pca	0.797945	0.857253	0.867969	0.862578
word2vec	10	sigmoid	400	nopca	0.822489	0.862921	0.900000	0.881071
word2vec	10	sigmoid	500	pca	0.812215	0.879489	0.860938	0.870114
word2vec	10	sigmoid	500	nopca	0.798516	0.866983	0.855469	0.861188
word2vec	10	exponential	50	pca	0.777968	0.862490	0.828125	0.844958
word2vec	10	exponential	50	nopca	0.809932	0.873717	0.864844	0.869258
word2vec	10	exponential	100	pca	0.802511	0.868297	0.860156	0.864207
word2vec	10	exponential	100	nopca	0.809361	0.841763	0.910156	0.874625
word2vec	10	exponential	200	pca	0.793950	0.852648	0.867969	0.860240
word2vec	10	exponential	200	nopca	0.818493	0.860570	0.896875	0.878347
word2vec	10	exponential	300	pca	0.702055	0.881288	0.684375	0.770449
word2vec	10	exponential	300	nopca	0.798516	0.890480	0.825781	0.856911
word2vec	10	exponential	400	pca	0.796804	0.849470	0.877344	0.863182
word2vec	10	exponential	400	nopca	0.821918	0.868902	0.890625	0.879630
word2vec	10	exponential	500	pca	0.792808	0.856809	0.860156	0.858480
word2vec	10	exponential	500	nopca	0.793950	0.866720	0.848437	0.857481
word2vec	30	tanh	50	pca	0.816210	0.869029	0.881250	0.875097
word2vec	30	tanh	50	nopca	0.820776	0.882120	0.871094	0.876572
word2vec	30	tanh	100	pca	0.804795	0.866406	0.866406	0.866406
word2vec	30	tanh	100	nopca	0.803082	0.856598	0.877344	0.866847
word2vec	30	tanh	200	pca	0.804224	0.881826	0.845313	0.863183
word2vec	30	tanh	200	nopca	0.827055	0.872049	0.894531	0.883147
word2vec	30	tanh	300	pca	0.702626	0.879121	0.687500	0.771591
word2vec	30	tanh	300	nopca	0.779110	0.880648	0.807031	0.842234
word2vec	30	tanh	400	pca	0.803082	0.858787	0.874219	0.866434
word2vec	30	tanh	400	nopca	0.824772	0.868282	0.896094	0.881968
word2vec	30	tanh	500	pca	0.804795	0.866406	0.866406	0.866406
word2vec	30	tanh	500	nopca	0.797945	0.857805	0.867188	0.862471
word2vec	30	relu	50	pca	0.790525	0.856919	0.856250	0.856585
word2vec	30	relu	50	nopca	0.801941	0.865882	0.862500	0.864188
word2vec	30	relu	100	pca	0.815639	0.875884	0.871094	0.873482
word2vec	30	relu	100	nopca	0.799087	0.839181	0.896875	0.867069
word2vec	30	relu	200	pca	0.787671	0.826619	0.897656	0.860674
word2vec	30	relu	200	nopca	0.822489	0.867324	0.893750	0.880339
word2vec	30	relu	300	pca	0.791667	0.863962	0.848437	0.856129
word2vec	30	relu	300	nopca	0.788813	0.877280	0.826562	0.851167
word2vec	30	relu	400	pca	0.804795	0.866980	0.865625	0.866302
word2vec	30	relu	400	nopca	0.803653	0.884236	0.841406	0.862290
word2vec	30	relu	500	pca	0.807648	0.864093	0.874219	0.869126
word2vec	30	relu	500	nopca	0.825342	0.865616	0.900781	0.882848
word2vec	30	sigmoid	50	pca	0.791096	0.855919	0.858594	0.857254
word2vec	30	sigmoid	50	nopca	0.795091	0.830581	0.903906	0.865694
word2vec	30	sigmoid	100	pca	0.771689	0.824963	0.872656	0.848140
word2vec	30	sigmoid	100	nopca	0.812215	0.843818	0.911719	0.876455
word2vec	30	sigmoid	200	pca	0.784247	0.878356	0.817969	0.847087
word2vec	30	sigmoid	200	nopca	0.804224	0.873307	0.856250	0.864694
word2vec	30	sigmoid	300	pca	0.805365	0.867084	0.866406	0.866745
word2vec	30	sigmoid	300	nopca	0.749429	0.824710	0.834375	0.829515
word2vec	30	sigmoid	400	pca	0.798516	0.875304	0.844531	0.859642
word2vec	30	sigmoid	400	nopca	0.814498	0.840828	0.920312	0.878777
word2vec	30	sigmoid	500	pca	0.802511	0.867717	0.860938	0.864314
word2vec	30	sigmoid	500	nopca	0.811073	0.887347	0.849219	0.867864
word2vec	30	exponential	50	pca	0.796233	0.858029	0.864062	0.861035
word2vec	30	exponential	50	nopca	0.820776	0.849493	0.917188	0.882044
word2vec	30	exponential	100	pca	0.789384	0.872445	0.833594	0.852577
word2vec	30	exponential	100	nopca	0.813927	0.845152	0.912500	0.877536
word2vec	30	exponential	200	pca	0.787100	0.849653	0.860938	0.855258
word2vec	30	exponential	200	nopca	0.797374	0.892948	0.821094	0.855515
word2vec	30	exponential	300	pca	0.807078	0.871451	0.863281	0.867347
word2vec	30	exponential	300	nopca	0.812215	0.874115	0.867969	0.871031
word2vec	30	exponential	400	pca	0.796804	0.865506	0.854688	0.860063
word2vec	30	exponential	400	nopca	0.789954	0.862480	0.847656	0.855004
word2vec	30	exponential	500	pca	0.799658	0.847420	0.885156	0.865877
word2vec	30	exponential	500	nopca	0.819064	0.868966	0.885938	0.877369
word2vec	50	tanh	50	pca	0.787100	0.844343	0.868750	0.856373
word2vec	50	tanh	50	nopca	0.809361	0.871272	0.867188	0.869225
word2vec	50	tanh	100	pca	0.803082	0.841490	0.900000	0.869762
word2vec	50	tanh	100	nopca	0.803653	0.882353	0.843750	0.862620
word2vec	50	tanh	200	pca	0.804795	0.875801	0.853906	0.864715
word2vec	50	tanh	200	nopca	0.814498	0.847779	0.909375	0.877497
word2vec	50	tanh	300	pca	0.746575	0.839837	0.807031	0.823108
word2vec	50	tanh	300	nopca	0.820776	0.864253	0.895312	0.879509
word2vec	50	tanh	400	pca	0.803082	0.870150	0.858594	0.864333
word2vec	50	tanh	400	nopca	0.784817	0.879093	0.817969	0.847430
word2vec	50	tanh	500	pca	0.783676	0.857256	0.844531	0.850846
word2vec	50	tanh	500	nopca	0.813356	0.865695	0.881250	0.873403
word2vec	50	relu	50	pca	0.789954	0.859055	0.852344	0.855686
word2vec	50	relu	50	nopca	0.836758	0.869242	0.914062	0.891089
word2vec	50	relu	100	pca	0.805936	0.863215	0.872656	0.867910
word2vec	50	relu	100	nopca	0.811073	0.853840	0.894531	0.873712
word2vec	50	relu	200	pca	0.780251	0.868313	0.824219	0.845691
word2vec	50	relu	200	nopca	0.817922	0.875684	0.875000	0.875342
word2vec	50	relu	300	pca	0.802511	0.869462	0.858594	0.863994
word2vec	50	relu	300	nopca	0.815639	0.863878	0.887500	0.875530
word2vec	50	relu	400	pca	0.798516	0.846154	0.885156	0.865216
word2vec	50	relu	400	nopca	0.803082	0.862122	0.869531	0.865811
word2vec	50	relu	500	pca	0.795091	0.875306	0.839063	0.856801
word2vec	50	relu	500	nopca	0.804795	0.863003	0.871094	0.867030
word2vec	50	sigmoid	50	pca	0.819064	0.867277	0.888281	0.877653
word2vec	50	sigmoid	50	nopca	0.811073	0.877486	0.861719	0.869531
word2vec	50	sigmoid	100	pca	0.820205	0.866363	0.891406	0.878706
word2vec	50	sigmoid	100	nopca	0.819064	0.862302	0.895312	0.878498
word2vec	50	sigmoid	200	pca	0.803082	0.859892	0.872656	0.866227
word2vec	50	sigmoid	200	nopca	0.819635	0.853372	0.909375	0.880484
word2vec	50	sigmoid	300	pca	0.792237	0.870550	0.840625	0.855326
word2vec	50	sigmoid	300	nopca	0.822489	0.875873	0.882031	0.878941
word2vec	50	sigmoid	400	pca	0.776826	0.791858	0.942187	0.860507
word2vec	50	sigmoid	400	nopca	0.777397	0.816501	0.896875	0.854803
word2vec	50	sigmoid	500	pca	0.756279	0.877768	0.774219	0.822748
word2vec	50	sigmoid	500	nopca	0.811644	0.882448	0.856250	0.869151
word2vec	50	exponential	50	pca	0.788242	0.858721	0.850000	0.854338
word2vec	50	exponential	50	nopca	0.813927	0.881600	0.860938	0.871146
word2vec	50	exponential	100	pca	0.751712	0.806826	0.867969	0.836282
word2vec	50	exponential	100	nopca	0.775114	0.833083	0.865625	0.849042
word2vec	50	exponential	200	pca	0.795662	0.867038	0.850781	0.858833
word2vec	50	exponential	200	nopca	0.804224	0.861218	0.872656	0.866899
word2vec	50	exponential	300	pca	0.800228	0.872596	0.850781	0.861551
word2vec	50	exponential	300	nopca	0.829909	0.891547	0.873437	0.882399
word2vec	50	exponential	400	pca	0.801941	0.856924	0.875000	0.865868
word2vec	50	exponential	400	nopca	0.791667	0.882845	0.824219	0.852525
word2vec	50	exponential	500	pca	0.796804	0.873183	0.844531	0.858618
word2vec	50	exponential	500	nopca	0.812785	0.875394	0.867188	0.871272
word2vec	100	tanh	50	pca	0.803653	0.842606	0.899219	0.869992
word2vec	100	tanh	50	nopca	0.810502	0.856928	0.889062	0.872699
word2vec	100	tanh	100	pca	0.791667	0.865707	0.846094	0.855788
word2vec	100	tanh	100	nopca	0.799087	0.858025	0.868750	0.863354
word2vec	100	tanh	200	pca	0.803082	0.877930	0.848437	0.862932
word2vec	100	tanh	200	nopca	0.815639	0.859504	0.893750	0.876293
word2vec	100	tanh	300	pca	0.795662	0.847662	0.878125	0.862625
word2vec	100	tanh	300	nopca	0.778539	0.812763	0.905469	0.856615
word2vec	100	tanh	400	pca	0.779110	0.860954	0.832031	0.846246
word2vec	100	tanh	400	nopca	0.803082	0.863813	0.867188	0.865497
word2vec	100	tanh	500	pca	0.758562	0.778790	0.935156	0.849840
word2vec	100	tanh	500	nopca	0.821347	0.881009	0.873437	0.877207
word2vec	100	relu	50	pca	0.746575	0.834400	0.814844	0.824506
word2vec	100	relu	50	nopca	0.814498	0.867590	0.880469	0.873982
word2vec	100	relu	100	pca	0.790525	0.844009	0.875000	0.859225
word2vec	100	relu	100	nopca	0.807078	0.871451	0.863281	0.867347
word2vec	100	relu	200	pca	0.791096	0.865016	0.846094	0.855450
word2vec	100	relu	200	nopca	0.796233	0.860829	0.860156	0.860492
word2vec	100	relu	300	pca	0.810502	0.881643	0.855469	0.868358
word2vec	100	relu	300	nopca	0.807078	0.871451	0.863281	0.867347
word2vec	100	relu	400	pca	0.788813	0.847859	0.866406	0.857032
word2vec	100	relu	400	nopca	0.830479	0.870384	0.902344	0.886076
word2vec	100	relu	500	pca	0.825913	0.879969	0.882031	0.880999
word2vec	100	relu	500	nopca	0.747717	0.842320	0.805469	0.823482
word2vec	100	sigmoid	50	pca	0.801941	0.868775	0.858594	0.863654
word2vec	100	sigmoid	50	nopca	0.823059	0.870795	0.889844	0.880216
word2vec	100	sigmoid	100	pca	0.780822	0.837349	0.868750	0.852761
word2vec	100	sigmoid	100	nopca	0.815068	0.853550	0.901563	0.876900
word2vec	100	sigmoid	200	pca	0.802511	0.868878	0.859375	0.864101
word2vec	100	sigmoid	200	nopca	0.803653	0.886777	0.838281	0.861847
word2vec	100	sigmoid	300	pca	0.812785	0.857357	0.892188	0.874426
word2vec	100	sigmoid	300	nopca	0.806507	0.867291	0.867969	0.867630
word2vec	100	sigmoid	400	pca	0.775685	0.878736	0.803906	0.839657
word2vec	100	sigmoid	400	nopca	0.812785	0.871875	0.871875	0.871875
word2vec	100	sigmoid	500	pca	0.789954	0.845979	0.871094	0.858353
word2vec	100	sigmoid	500	nopca	0.821918	0.869466	0.889844	0.879537
word2vec	100	exponential	50	pca	0.795091	0.852874	0.869531	0.861122
word2vec	100	exponential	50	nopca	0.815068	0.861027	0.890625	0.875576
word2vec	100	exponential	100	pca	0.780822	0.865416	0.828906	0.846768
word2vec	100	exponential	100	nopca	0.725457	0.864175	0.740625	0.797644
word2vec	100	exponential	200	pca	0.801941	0.848394	0.887500	0.867507
word2vec	100	exponential	200	nopca	0.820205	0.858736	0.902344	0.880000
word2vec	100	exponential	300	pca	0.802511	0.830737	0.916406	0.871471
word2vec	100	exponential	300	nopca	0.797374	0.865613	0.855469	0.860511
word2vec	100	exponential	400	pca	0.804224	0.872713	0.857031	0.864801
word2vec	100	exponential	400	nopca	0.806507	0.858340	0.880469	0.869263
word2vec	100	exponential	500	pca	0.791096	0.882747	0.823438	0.852061
word2vec	100	exponential	500	nopca	0.801941	0.890377	0.831250	0.859798
word2vec	200	tanh	50	pca	0.801941	0.878345	0.846094	0.861918
word2vec	200	tanh	50	nopca	0.741438	0.867556	0.762500	0.811642
word2vec	200	tanh	100	pca	0.790525	0.858602	0.853906	0.856248
word2vec	200	tanh	100	nopca	0.805365	0.861989	0.873437	0.867676
word2vec	200	tanh	200	pca	0.799658	0.884838	0.834375	0.858866
word2vec	200	tanh	200	nopca	0.800799	0.880000	0.842187	0.860679
word2vec	200	tanh	300	pca	0.808219	0.855958	0.886719	0.871067
word2vec	200	tanh	300	nopca	0.833904	0.885425	0.887500	0.886461
word2vec	200	tanh	400	pca	0.803082	0.856598	0.877344	0.866847
word2vec	200	tanh	400	nopca	0.816781	0.884523	0.861719	0.872972
word2vec	200	tanh	500	pca	0.771119	0.849642	0.834375	0.841939
word2vec	200	tanh	500	nopca	0.764840	0.777494	0.950000	0.855134
word2vec	200	relu	50	pca	0.760274	0.830261	0.844531	0.837335
word2vec	200	relu	50	nopca	0.806507	0.867866	0.867188	0.867526
word2vec	200	relu	100	pca	0.779110	0.826628	0.882812	0.853797
word2vec	200	relu	100	nopca	0.776256	0.859223	0.829688	0.844197
word2vec	200	relu	200	pca	0.792237	0.856698	0.859375	0.858034
word2vec	200	relu	200	nopca	0.815068	0.869397	0.878906	0.874126
word2vec	200	relu	300	pca	0.773973	0.868948	0.813281	0.840194
word2vec	200	relu	300	nopca	0.823059	0.861401	0.903125	0.881770
word2vec	200	relu	400	pca	0.810502	0.864615	0.878125	0.871318
word2vec	200	relu	400	nopca	0.807078	0.879227	0.853125	0.865979
word2vec	200	relu	500	pca	0.765411	0.781960	0.941406	0.854307
word2vec	200	relu	500	nopca	0.801370	0.866929	0.860156	0.863529
word2vec	200	sigmoid	50	pca	0.796233	0.858029	0.864062	0.861035
word2vec	200	sigmoid	50	nopca	0.809361	0.837375	0.917188	0.875466
word2vec	200	sigmoid	100	pca	0.803082	0.880391	0.845313	0.862495
word2vec	200	sigmoid	100	nopca	0.809361	0.868380	0.871094	0.869735
word2vec	200	sigmoid	200	pca	0.751142	0.843089	0.810156	0.826295
word2vec	200	sigmoid	200	nopca	0.808790	0.883212	0.850781	0.866693
word2vec	200	sigmoid	300	pca	0.789384	0.830792	0.893750	0.861122
word2vec	200	sigmoid	300	nopca	0.797374	0.857143	0.867188	0.862136
word2vec	200	sigmoid	400	pca	0.807648	0.863531	0.875000	0.869228
word2vec	200	sigmoid	400	nopca	0.739726	0.869838	0.757031	0.809524
word2vec	200	sigmoid	500	pca	0.792237	0.838757	0.885938	0.861702
word2vec	200	sigmoid	500	nopca	0.825913	0.872992	0.891406	0.882103
word2vec	200	exponential	50	pca	0.789954	0.860759	0.850000	0.855346
word2vec	200	exponential	50	nopca	0.775685	0.819755	0.888281	0.852643
word2vec	200	exponential	100	pca	0.794521	0.870370	0.844531	0.857256
word2vec	200	exponential	100	nopca	0.820205	0.874903	0.879687	0.877289
word2vec	200	exponential	200	pca	0.767123	0.857964	0.816406	0.836669
word2vec	200	exponential	200	nopca	0.794521	0.882696	0.828906	0.854956
word2vec	200	exponential	300	pca	0.813356	0.869094	0.876563	0.872812
word2vec	200	exponential	300	nopca	0.809932	0.866203	0.875000	0.870579
word2vec	200	exponential	400	pca	0.756279	0.764414	0.963281	0.852402
word2vec	200	exponential	400	nopca	0.800799	0.872102	0.852344	0.862110
word2vec	200	exponential	500	pca	0.723174	0.867715	0.732812	0.794579
word2vec	200	exponential	500	nopca	0.763699	0.777564	0.947656	0.854225
word2vec	300	tanh	50	pca	0.796804	0.861502	0.860156	0.860829
word2vec	300	tanh	50	nopca	0.793379	0.892308	0.815625	0.852245
word2vec	300	tanh	100	pca	0.808219	0.892027	0.839063	0.864734
word2vec	300	tanh	100	nopca	0.803082	0.864380	0.866406	0.865392
word2vec	300	tanh	200	pca	0.786530	0.853354	0.854688	0.854020
word2vec	300	tanh	200	nopca	0.807648	0.871552	0.864062	0.867791
word2vec	300	tanh	300	pca	0.794521	0.852221	0.869531	0.860789
word2vec	300	tanh	300	nopca	0.785388	0.879832	0.817969	0.847773
word2vec	300	tanh	400	pca	0.772831	0.808824	0.902344	0.853028
word2vec	300	tanh	400	nopca	0.796804	0.872581	0.845313	0.858730
word2vec	300	tanh	500	pca	0.801370	0.857911	0.872656	0.865221
word2vec	300	tanh	500	nopca	0.801941	0.868775	0.858594	0.863654
word2vec	300	relu	50	pca	0.785959	0.846213	0.864062	0.855044
word2vec	300	relu	50	nopca	0.811644	0.866512	0.877344	0.871894
word2vec	300	relu	100	pca	0.789384	0.880535	0.823438	0.851029
word2vec	300	relu	100	nopca	0.808219	0.859209	0.882031	0.870470
word2vec	300	relu	200	pca	0.793379	0.856921	0.860938	0.858924
word2vec	300	relu	200	nopca	0.803082	0.859339	0.873437	0.866331
word2vec	300	relu	300	pca	0.783676	0.844156	0.863281	0.853611
word2vec	300	relu	300	nopca	0.800228	0.875000	0.847656	0.861111
word2vec	300	relu	400	pca	0.787671	0.860317	0.846875	0.853543
word2vec	300	relu	400	nopca	0.804795	0.855303	0.882031	0.868462
word2vec	300	relu	500	pca	0.805365	0.851685	0.888281	0.869598
word2vec	300	relu	500	nopca	0.820776	0.852555	0.912500	0.881509
word2vec	300	sigmoid	50	pca	0.783676	0.871393	0.825781	0.847974
word2vec	300	sigmoid	50	nopca	0.817352	0.861991	0.892969	0.877206
word2vec	300	sigmoid	100	pca	0.812215	0.849375	0.903125	0.875426
word2vec	300	sigmoid	100	nopca	0.809361	0.861621	0.880469	0.870943
word2vec	300	sigmoid	200	pca	0.800228	0.851208	0.880469	0.865591
word2vec	300	sigmoid	200	nopca	0.816210	0.873635	0.875000	0.874317
word2vec	300	sigmoid	300	pca	0.806507	0.853494	0.887500	0.870165
word2vec	300	sigmoid	300	nopca	0.815068	0.872274	0.875000	0.873635
word2vec	300	sigmoid	400	pca	0.791667	0.853828	0.862500	0.858142
word2vec	300	sigmoid	400	nopca	0.820205	0.873163	0.882031	0.877575
word2vec	300	sigmoid	500	pca	0.780822	0.847287	0.853906	0.850584
word2vec	300	sigmoid	500	nopca	0.815068	0.868259	0.880469	0.874321
word2vec	300	exponential	50	pca	0.797374	0.878168	0.839063	0.858170
word2vec	300	exponential	50	nopca	0.795662	0.860720	0.859375	0.860047
word2vec	300	exponential	100	pca	0.803653	0.861111	0.871875	0.866460
word2vec	300	exponential	100	nopca	0.817352	0.883387	0.864062	0.873618
word2vec	300	exponential	200	pca	0.811644	0.866512	0.877344	0.871894
word2vec	300	exponential	200	nopca	0.820205	0.863602	0.895312	0.879171
word2vec	300	exponential	300	pca	0.718037	0.838210	0.760938	0.797707
word2vec	300	exponential	300	nopca	0.822489	0.874131	0.884375	0.879223
word2vec	300	exponential	400	pca	0.817352	0.872671	0.878125	0.875389
word2vec	300	exponential	400	nopca	0.811073	0.867545	0.875000	0.871256
word2vec	300	exponential	500	pca	0.811073	0.865281	0.878125	0.871656
word2vec	300	exponential	500	nopca	0.811073	0.855431	0.892188	0.873423
glove	10	tanh	50	pca	0.796804	0.886935	0.827344	0.856103
glove	10	tanh	50	nopca	0.803082	0.880391	0.845313	0.862495
glove	10	tanh	100	pca	0.813927	0.853333	0.900000	0.876046
glove	10	tanh	100	nopca	0.805365	0.865370	0.868750	0.867057
glove	10	tanh	200	pca	0.781963	0.868637	0.826562	0.847078
glove	10	tanh	200	nopca	0.803082	0.861562	0.870313	0.865915
glove	10	tanh	300	pca	0.735160	0.838870	0.789062	0.813205
glove	10	tanh	300	nopca	0.808219	0.854887	0.888281	0.871264
glove	10	tanh	400	pca	0.785959	0.864039	0.839063	0.851367
glove	10	tanh	400	nopca	0.812785	0.877179	0.864844	0.870968
glove	10	tanh	500	pca	0.821918	0.874034	0.883594	0.878788
glove	10	tanh	500	nopca	0.818493	0.866616	0.888281	0.877315
glove	10	relu	50	pca	0.803653	0.865055	0.866406	0.865730
glove	10	relu	50	nopca	0.789384	0.868826	0.838281	0.853280
glove	10	relu	100	pca	0.790525	0.866667	0.842969	0.854653
glove	10	relu	100	nopca	0.809932	0.853622	0.892969	0.872852
glove	10	relu	200	pca	0.780822	0.845679	0.856250	0.850932
glove	10	relu	200	nopca	0.800799	0.868567	0.857031	0.862761
glove	10	relu	300	pca	0.805365	0.852213	0.887500	0.869499
glove	10	relu	300	nopca	0.795662	0.864715	0.853906	0.859277
glove	10	relu	400	pca	0.807648	0.886159	0.845313	0.865254
glove	10	relu	400	nopca	0.803653	0.870840	0.858594	0.864673
glove	10	relu	500	pca	0.759703	0.821242	0.857812	0.839129
glove	10	relu	500	nopca	0.815068	0.856716	0.896875	0.876336
glove	10	sigmoid	50	pca	0.807078	0.866252	0.870313	0.868277
glove	10	sigmoid	50	nopca	0.806507	0.867866	0.867188	0.867526
glove	10	sigmoid	100	pca	0.799087	0.853659	0.875000	0.864198
glove	10	sigmoid	100	nopca	0.819064	0.857461	0.902344	0.879330
glove	10	sigmoid	200	pca	0.803653	0.861669	0.871094	0.866356
glove	10	sigmoid	200	nopca	0.776826	0.824216	0.882812	0.852508
glove	10	sigmoid	300	pca	0.803653	0.862791	0.869531	0.866148
glove	10	sigmoid	300	nopca	0.801941	0.877733	0.846875	0.862028
glove	10	sigmoid	400	pca	0.797945	0.852359	0.875000	0.863531
glove	10	sigmoid	400	nopca	0.803082	0.862122	0.869531	0.865811
glove	10	sigmoid	500	pca	0.791667	0.851113	0.866406	0.858691
glove	10	sigmoid	500	nopca	0.802511	0.868297	0.860156	0.864207
glove	10	exponential	50	pca	0.789954	0.875000	0.831250	0.852564
glove	10	exponential	50	nopca	0.813356	0.839629	0.920312	0.878122
glove	10	exponential	100	pca	0.781963	0.827259	0.886719	0.855958
glove	10	exponential	100	nopca	0.793379	0.864286	0.850781	0.857480
glove	10	exponential	200	pca	0.763699	0.800694	0.900781	0.847794
glove	10	exponential	200	nopca	0.808219	0.886885	0.845313	0.865600
glove	10	exponential	300	pca	0.812785	0.855224	0.895312	0.874809
glove	10	exponential	300	nopca	0.798516	0.841562	0.892188	0.866136
glove	10	exponential	400	pca	0.783105	0.803235	0.931250	0.862518
glove	10	exponential	400	nopca	0.792237	0.857254	0.858594	0.857923
glove	10	exponential	500	pca	0.797374	0.880033	0.836719	0.857829
glove	10	exponential	500	nopca	0.771119	0.797160	0.921094	0.854657
glove	30	tanh	50	pca	0.799087	0.849398	0.881250	0.865031
glove	30	tanh	50	nopca	0.798516	0.873489	0.846875	0.859976
glove	30	tanh	100	pca	0.784817	0.866180	0.834375	0.849980
glove	30	tanh	100	nopca	0.769406	0.797959	0.916406	0.853091
glove	30	tanh	200	pca	0.785959	0.849961	0.858594	0.854256
glove	30	tanh	200	nopca	0.809932	0.865637	0.875781	0.870680
glove	30	tanh	300	pca	0.777397	0.871452	0.815625	0.842615
glove	30	tanh	300	nopca	0.791096	0.882107	0.824219	0.852181
glove	30	tanh	400	pca	0.793379	0.858594	0.858594	0.858594
glove	30	tanh	400	nopca	0.796233	0.867729	0.850781	0.859172
glove	30	tanh	500	pca	0.776826	0.900812	0.780469	0.836333
glove	30	tanh	500	nopca	0.803653	0.870253	0.859375	0.864780
glove	30	relu	50	pca	0.805936	0.841570	0.904687	0.871988
glove	30	relu	50	nopca	0.804224	0.854656	0.882031	0.868128
glove	30	relu	100	pca	0.753425	0.865517	0.784375	0.822951
glove	30	relu	100	nopca	0.805365	0.853806	0.885156	0.869198
glove	30	relu	200	pca	0.752854	0.812546	0.860156	0.835674
glove	30	relu	200	nopca	0.805365	0.863109	0.871875	0.867470
glove	30	relu	300	pca	0.799087	0.836720	0.900781	0.867570
glove	30	relu	300	nopca	0.812215	0.862700	0.883594	0.873022
glove	30	relu	400	pca	0.800228	0.866719	0.858594	0.862637
glove	30	relu	400	nopca	0.796233	0.868316	0.850000	0.859060
glove	30	relu	500	pca	0.813927	0.876777	0.867188	0.871956
glove	30	relu	500	nopca	0.800799	0.881245	0.840625	0.860456
glove	30	sigmoid	50	pca	0.801941	0.855293	0.877344	0.866178
glove	30	sigmoid	50	nopca	0.800228	0.887500	0.832031	0.858871
glove	30	sigmoid	100	pca	0.806507	0.884082	0.846094	0.864671
glove	30	sigmoid	100	nopca	0.791096	0.860410	0.852344	0.856358
glove	30	sigmoid	200	pca	0.798516	0.864673	0.858594	0.861623
glove	30	sigmoid	200	nopca	0.795091	0.863457	0.854688	0.859050
glove	30	sigmoid	300	pca	0.811644	0.869938	0.872656	0.871295
glove	30	sigmoid	300	nopca	0.798516	0.865248	0.857812	0.861514
glove	30	sigmoid	400	pca	0.804224	0.855193	0.881250	0.868026
glove	30	sigmoid	400	nopca	0.801370	0.859014	0.871094	0.865012
glove	30	sigmoid	500	pca	0.795662	0.854071	0.868750	0.861348
glove	30	sigmoid	500	nopca	0.790525	0.891845	0.811719	0.849898
glove	30	exponential	50	pca	0.786530	0.816341	0.913281	0.862094
glove	30	exponential	50	nopca	0.804795	0.861325	0.873437	0.867339
glove	30	exponential	100	pca	0.803653	0.858346	0.875781	0.866976
glove	30	exponential	100	nopca	0.734589	0.864164	0.755469	0.806169
glove	30	exponential	200	pca	0.791096	0.877063	0.830469	0.853130
glove	30	exponential	200	nopca	0.815639	0.876475	0.870313	0.873383
glove	30	exponential	300	pca	0.791096	0.844646	0.875000	0.859555
glove	30	exponential	300	nopca	0.799658	0.874295	0.847656	0.860770
glove	30	exponential	400	pca	0.813356	0.857464	0.892969	0.874856
glove	30	exponential	400	nopca	0.809361	0.858877	0.884375	0.871440
glove	30	exponential	500	pca	0.802511	0.868878	0.859375	0.864101
glove	30	exponential	500	nopca	0.809932	0.845368	0.905469	0.874387
glove	50	tanh	50	pca	0.791096	0.862698	0.849219	0.855906
glove	50	tanh	50	nopca	0.678653	0.869207	0.659375	0.749889
glove	50	tanh	100	pca	0.792808	0.864757	0.849219	0.856918
glove	50	tanh	100	nopca	0.797945	0.895726	0.818750	0.855510
glove	50	tanh	200	pca	0.777397	0.848746	0.846094	0.847418
glove	50	tanh	200	nopca	0.816210	0.851689	0.906250	0.878123
glove	50	tanh	300	pca	0.799087	0.876623	0.843750	0.859873
glove	50	tanh	300	nopca	0.812215	0.872941	0.869531	0.871233
glove	50	tanh	400	pca	0.805936	0.874204	0.857812	0.865931
glove	50	tanh	400	nopca	0.813927	0.858647	0.892188	0.875096
glove	50	tanh	500	pca	0.811073	0.865844	0.877344	0.871556
glove	50	tanh	500	nopca	0.799087	0.844725	0.888281	0.865956
glove	50	relu	50	pca	0.791667	0.852737	0.864062	0.858362
glove	50	relu	50	nopca	0.803082	0.873105	0.854688	0.863798
glove	50	relu	100	pca	0.807648	0.855849	0.885938	0.870633
glove	50	relu	100	nopca	0.787671	0.874587	0.828125	0.850722
glove	50	relu	200	pca	0.801941	0.836823	0.905469	0.869794
glove	50	relu	200	nopca	0.815068	0.853028	0.902344	0.876993
glove	50	relu	300	pca	0.812215	0.871194	0.871875	0.871535
glove	50	relu	300	nopca	0.805936	0.865474	0.869531	0.867498
glove	50	relu	400	pca	0.797945	0.860031	0.864062	0.862042
glove	50	relu	400	nopca	0.804224	0.861218	0.872656	0.866899
glove	50	relu	500	pca	0.755137	0.842869	0.817187	0.829829
glove	50	relu	500	nopca	0.783105	0.880711	0.813281	0.845654
glove	50	sigmoid	50	pca	0.764269	0.877942	0.786719	0.829831
glove	50	sigmoid	50	nopca	0.803653	0.860000	0.873437	0.866667
glove	50	sigmoid	100	pca	0.804795	0.843338	0.900000	0.870748
glove	50	sigmoid	100	nopca	0.804224	0.858454	0.876563	0.867414
glove	50	sigmoid	200	pca	0.796804	0.853752	0.871094	0.862336
glove	50	sigmoid	200	nopca	0.805365	0.859770	0.876563	0.868085
glove	50	sigmoid	300	pca	0.795662	0.849242	0.875781	0.862308
glove	50	sigmoid	300	nopca	0.793379	0.878089	0.832812	0.854852
glove	50	sigmoid	400	pca	0.807648	0.891937	0.838281	0.864277
glove	50	sigmoid	400	nopca	0.816781	0.864085	0.889062	0.876396
glove	50	sigmoid	500	pca	0.779680	0.867599	0.824219	0.845353
glove	50	sigmoid	500	nopca	0.810502	0.857466	0.888281	0.872602
glove	50	exponential	50	pca	0.794521	0.863349	0.853906	0.858602
glove	50	exponential	50	nopca	0.801941	0.839273	0.901563	0.869303
glove	50	exponential	100	pca	0.806507	0.884082	0.846094	0.864671
glove	50	exponential	100	nopca	0.797374	0.866192	0.854688	0.860401
glove	50	exponential	200	pca	0.795662	0.848714	0.876563	0.862414
glove	50	exponential	200	nopca	0.812215	0.861048	0.885938	0.873315
glove	50	exponential	300	pca	0.789384	0.853924	0.858594	0.856252
glove	50	exponential	300	nopca	0.771689	0.862438	0.817969	0.839615
glove	50	exponential	400	pca	0.785959	0.855460	0.850781	0.853114
glove	50	exponential	400	nopca	0.810502	0.860182	0.884375	0.872111
glove	50	exponential	500	pca	0.801370	0.857362	0.873437	0.865325
glove	50	exponential	500	nopca	0.817352	0.856083	0.901563	0.878234
glove	100	tanh	50	pca	0.781393	0.845798	0.857031	0.851378
glove	100	tanh	50	nopca	0.800799	0.860015	0.868750	0.864361
glove	100	tanh	100	pca	0.803082	0.865520	0.864844	0.865182
glove	100	tanh	100	nopca	0.813356	0.854275	0.897656	0.875429
glove	100	tanh	200	pca	0.795662	0.869391	0.847656	0.858386
glove	100	tanh	200	nopca	0.805936	0.860429	0.876563	0.868421
glove	100	tanh	300	pca	0.811644	0.842219	0.913281	0.876312
glove	100	tanh	300	nopca	0.798516	0.868735	0.853125	0.860859
glove	100	tanh	400	pca	0.789954	0.871336	0.835938	0.853270
glove	100	tanh	400	nopca	0.824201	0.865414	0.899219	0.881992
glove	100	tanh	500	pca	0.796233	0.870683	0.846875	0.858614
glove	100	tanh	500	nopca	0.821918	0.871736	0.886719	0.879163
glove	100	relu	50	pca	0.805365	0.863109	0.871875	0.867470
glove	100	relu	50	nopca	0.812785	0.883253	0.857031	0.869944
glove	100	relu	100	pca	0.793379	0.875000	0.836719	0.855431
glove	100	relu	100	nopca	0.809361	0.850890	0.896094	0.872907
glove	100	relu	200	pca	0.776826	0.805079	0.916406	0.857143
glove	100	relu	200	nopca	0.810502	0.858006	0.887500	0.872504
glove	100	relu	300	pca	0.800228	0.862715	0.864062	0.863388
glove	100	relu	300	nopca	0.807648	0.873317	0.861719	0.867479
glove	100	relu	400	pca	0.789384	0.872445	0.833594	0.852577
glove	100	relu	400	nopca	0.791667	0.888041	0.817969	0.851566
glove	100	relu	500	pca	0.791667	0.875924	0.832812	0.853825
glove	100	relu	500	nopca	0.791667	0.892704	0.812500	0.850716
glove	100	sigmoid	50	pca	0.788242	0.865648	0.840625	0.852953
glove	100	sigmoid	50	nopca	0.809932	0.847906	0.901563	0.873911
glove	100	sigmoid	100	pca	0.803082	0.864949	0.865625	0.865287
glove	100	sigmoid	100	nopca	0.811073	0.866409	0.876563	0.871456
glove	100	sigmoid	200	pca	0.811644	0.871674	0.870313	0.870993
glove	100	sigmoid	200	nopca	0.821347	0.872783	0.884375	0.878541
glove	100	sigmoid	300	pca	0.782534	0.889853	0.801562	0.843403
glove	100	sigmoid	300	nopca	0.818493	0.849564	0.913281	0.880271
glove	100	sigmoid	400	pca	0.791667	0.857143	0.857812	0.857478
glove	100	sigmoid	400	nopca	0.803653	0.872611	0.856250	0.864353
glove	100	sigmoid	500	pca	0.800228	0.870223	0.853906	0.861987
glove	100	sigmoid	500	nopca	0.811073	0.867545	0.875000	0.871256
glove	100	exponential	50	pca	0.771689	0.857143	0.825000	0.840764
glove	100	exponential	50	nopca	0.807078	0.852018	0.890625	0.870894
glove	100	exponential	100	pca	0.765411	0.788704	0.927344	0.852424
glove	100	exponential	100	nopca	0.803653	0.889351	0.835156	0.861402
glove	100	exponential	200	pca	0.810502	0.862385	0.881250	0.871716
glove	100	exponential	200	nopca	0.802511	0.863142	0.867188	0.865160
glove	100	exponential	300	pca	0.801941	0.871122	0.855469	0.863224
glove	100	exponential	300	nopca	0.797945	0.875812	0.842969	0.859076
glove	100	exponential	400	pca	0.802511	0.835489	0.908594	0.870509
glove	100	exponential	400	nopca	0.803653	0.855623	0.879687	0.867488
glove	100	exponential	500	pca	0.809932	0.868482	0.871875	0.870175
glove	100	exponential	500	nopca	0.809361	0.864969	0.875781	0.870342
glove	200	tanh	50	pca	0.805936	0.874801	0.857031	0.865825
glove	200	tanh	50	nopca	0.815068	0.877567	0.867969	0.872742
glove	200	tanh	100	pca	0.807648	0.864656	0.873437	0.869024
glove	200	tanh	100	nopca	0.813927	0.864679	0.883594	0.874034
glove	200	tanh	200	pca	0.801941	0.863601	0.865625	0.864612
glove	200	tanh	200	nopca	0.815639	0.875294	0.871875	0.873581
glove	200	tanh	300	pca	0.793950	0.858704	0.859375	0.859039
glove	200	tanh	300	nopca	0.788242	0.888130	0.812500	0.848633
glove	200	tanh	400	pca	0.811644	0.865385	0.878906	0.872093
glove	200	tanh	400	nopca	0.797374	0.882548	0.833594	0.857372
glove	200	tanh	500	pca	0.800799	0.851321	0.881250	0.866027
glove	200	tanh	500	nopca	0.813927	0.868056	0.878906	0.873447
glove	200	relu	50	pca	0.811644	0.856607	0.891406	0.873660
glove	200	relu	50	nopca	0.796233	0.877969	0.837500	0.857257
glove	200	relu	100	pca	0.784817	0.862651	0.839063	0.850693
glove	200	relu	100	nopca	0.813927	0.877373	0.866406	0.871855
glove	200	relu	200	pca	0.795091	0.872874	0.842187	0.857256
glove	200	relu	200	nopca	0.804795	0.846381	0.895312	0.870159
glove	200	relu	300	pca	0.817352	0.873832	0.876563	0.875195
glove	200	relu	300	nopca	0.820205	0.855040	0.907813	0.880637
glove	200	relu	400	pca	0.771119	0.866555	0.811719	0.838241
glove	200	relu	400	nopca	0.808219	0.855958	0.886719	0.871067
glove	200	relu	500	pca	0.797945	0.855061	0.871094	0.863003
glove	200	relu	500	nopca	0.812785	0.861702	0.885938	0.873652
glove	200	sigmoid	50	pca	0.803653	0.869085	0.860938	0.864992
glove	200	sigmoid	50	nopca	0.816781	0.879051	0.868750	0.873870
glove	200	sigmoid	100	pca	0.812785	0.870140	0.874219	0.872175
glove	200	sigmoid	100	nopca	0.814498	0.856078	0.896875	0.876002
glove	200	sigmoid	200	pca	0.793950	0.844711	0.879687	0.861845
glove	200	sigmoid	200	nopca	0.813927	0.845652	0.911719	0.877444
glove	200	sigmoid	300	pca	0.816781	0.861887	0.892188	0.876775
glove	200	sigmoid	300	nopca	0.812785	0.871295	0.872656	0.871975
glove	200	sigmoid	400	pca	0.759703	0.816974	0.864844	0.840228
glove	200	sigmoid	400	nopca	0.791096	0.862124	0.850000	0.856019
glove	200	sigmoid	500	pca	0.808219	0.867601	0.870313	0.868955
glove	200	sigmoid	500	nopca	0.816210	0.869029	0.881250	0.875097
glove	200	exponential	50	pca	0.812785	0.855755	0.894531	0.874714
glove	200	exponential	50	nopca	0.798516	0.862960	0.860938	0.861948
glove	200	exponential	100	pca	0.777397	0.855431	0.836719	0.845972
glove	200	exponential	100	nopca	0.793950	0.864972	0.850781	0.857818
glove	200	exponential	200	pca	0.792237	0.855590	0.860938	0.858255
glove	200	exponential	200	nopca	0.807078	0.877404	0.855469	0.866297
glove	200	exponential	300	pca	0.797374	0.851177	0.875781	0.863304
glove	200	exponential	300	nopca	0.806507	0.862202	0.875000	0.868554
glove	200	exponential	400	pca	0.750571	0.845775	0.805469	0.825130
glove	200	exponential	400	nopca	0.815639	0.857356	0.896875	0.876670
glove	200	exponential	500	pca	0.809932	0.860625	0.882812	0.871577
glove	200	exponential	500	nopca	0.803653	0.853474	0.882812	0.867896
glove	300	tanh	50	pca	0.793950	0.872668	0.840625	0.856347
glove	300	tanh	50	nopca	0.818493	0.864394	0.891406	0.877692
glove	300	tanh	100	pca	0.797374	0.860483	0.862500	0.861490
glove	300	tanh	100	nopca	0.809932	0.835103	0.921875	0.876346
glove	300	tanh	200	pca	0.792237	0.877265	0.832031	0.854050
glove	300	tanh	200	nopca	0.811073	0.866976	0.875781	0.871356
glove	300	tanh	300	pca	0.801941	0.871122	0.855469	0.863224
glove	300	tanh	300	nopca	0.804224	0.843727	0.898438	0.870223
glove	300	tanh	400	pca	0.785959	0.868786	0.832812	0.850419
glove	300	tanh	400	nopca	0.809932	0.880933	0.855469	0.868014
glove	300	tanh	500	pca	0.799087	0.866509	0.857031	0.861744
glove	300	tanh	500	nopca	0.815639	0.856292	0.898438	0.876859
glove	300	relu	50	pca	0.790525	0.875720	0.831250	0.852906
glove	300	relu	50	nopca	0.801370	0.875806	0.848437	0.861905
glove	300	relu	100	pca	0.792237	0.881667	0.826562	0.853226
glove	300	relu	100	nopca	0.795091	0.847547	0.877344	0.862188
glove	300	relu	200	pca	0.808219	0.872240	0.864062	0.868132
glove	300	relu	200	nopca	0.809932	0.872541	0.866406	0.869463
glove	300	relu	300	pca	0.803082	0.871326	0.857031	0.864120
glove	300	relu	300	nopca	0.817922	0.873930	0.877344	0.875634
glove	300	relu	400	pca	0.757991	0.849103	0.813281	0.830806
glove	300	relu	400	nopca	0.804224	0.868607	0.862500	0.865543
glove	300	relu	500	pca	0.819635	0.874224	0.879687	0.876947
glove	300	relu	500	nopca	0.824201	0.870427	0.892188	0.881173
glove	300	sigmoid	50	pca	0.796804	0.866667	0.853125	0.859843
glove	300	sigmoid	50	nopca	0.818493	0.859492	0.898438	0.878533
glove	300	sigmoid	100	pca	0.816781	0.862983	0.890625	0.876586
glove	300	sigmoid	100	nopca	0.820776	0.873839	0.882031	0.877916
glove	300	sigmoid	200	pca	0.784247	0.849612	0.856250	0.852918
glove	300	sigmoid	200	nopca	0.821347	0.863807	0.896875	0.880031
glove	300	sigmoid	300	pca	0.808790	0.850259	0.896094	0.872575
glove	300	sigmoid	300	nopca	0.823059	0.867982	0.893750	0.880677
glove	300	sigmoid	400	pca	0.793379	0.860283	0.856250	0.858262
glove	300	sigmoid	400	nopca	0.792237	0.873573	0.836719	0.854749
glove	300	sigmoid	500	pca	0.805365	0.856492	0.881250	0.868695
glove	300	sigmoid	500	nopca	0.796233	0.866561	0.852344	0.859393
glove	300	exponential	50	pca	0.793379	0.851455	0.868750	0.860015
glove	300	exponential	50	nopca	0.823059	0.878906	0.878906	0.878906
glove	300	exponential	100	pca	0.747717	0.834131	0.817187	0.825572
glove	300	exponential	100	nopca	0.820776	0.877934	0.876563	0.877248
glove	300	exponential	200	pca	0.801941	0.854214	0.878906	0.866384
glove	300	exponential	200	nopca	0.812215	0.878282	0.862500	0.870319
glove	300	exponential	300	pca	0.800799	0.856159	0.874219	0.865095
glove	300	exponential	300	nopca	0.823059	0.879499	0.878125	0.878812
glove	300	exponential	400	pca	0.782534	0.878686	0.814844	0.845561
glove	300	exponential	400	nopca	0.809932	0.851001	0.896875	0.873336
glove	300	exponential	500	pca	0.815639	0.862775	0.889062	0.875721
glove	300	exponential	500	nopca	0.814498	0.849817	0.906250	0.877127
numberbatch	10	tanh	50	pca	0.752283	0.819486	0.847656	0.833333
numberbatch	10	tanh	50	nopca	0.763128	0.834493	0.842969	0.838710
numberbatch	10	tanh	100	pca	0.740297	0.785863	0.885938	0.832905
numberbatch	10	tanh	100	nopca	0.765982	0.822222	0.867188	0.844106
numberbatch	10	tanh	200	pca	0.746575	0.839286	0.807813	0.823248
numberbatch	10	tanh	200	nopca	0.756279	0.835035	0.830469	0.832746
numberbatch	10	tanh	300	pca	0.767123	0.823923	0.866406	0.844631
numberbatch	10	tanh	300	nopca	0.752854	0.846280	0.808594	0.827008
numberbatch	10	tanh	400	pca	0.744863	0.813394	0.844531	0.828670
numberbatch	10	tanh	400	nopca	0.756279	0.820436	0.853125	0.836461
numberbatch	10	tanh	500	pca	0.735160	0.838870	0.789062	0.813205
numberbatch	10	tanh	500	nopca	0.765411	0.824012	0.863281	0.843190
numberbatch	10	relu	50	pca	0.759703	0.824151	0.853125	0.838388
numberbatch	10	relu	50	nopca	0.758562	0.794907	0.902344	0.845225
numberbatch	10	relu	100	pca	0.728311	0.849565	0.763281	0.804115
numberbatch	10	relu	100	nopca	0.753995	0.827294	0.838281	0.832751
numberbatch	10	relu	200	pca	0.770548	0.827124	0.867188	0.846682
numberbatch	10	relu	200	nopca	0.748858	0.816265	0.846875	0.831288
numberbatch	10	relu	300	pca	0.750571	0.844644	0.807031	0.825410
numberbatch	10	relu	300	nopca	0.765982	0.822700	0.866406	0.843988
numberbatch	10	relu	400	pca	0.773973	0.837920	0.856250	0.846986
numberbatch	10	relu	400	nopca	0.770548	0.821848	0.875781	0.847958
numberbatch	10	relu	500	pca	0.768836	0.821928	0.872656	0.846533
numberbatch	10	relu	500	nopca	0.765411	0.831933	0.850781	0.841251
numberbatch	10	sigmoid	50	pca	0.764840	0.816788	0.874219	0.844528
numberbatch	10	sigmoid	50	nopca	0.743721	0.840295	0.801562	0.820472
numberbatch	10	sigmoid	100	pca	0.755137	0.824067	0.845313	0.834555
numberbatch	10	sigmoid	100	nopca	0.760845	0.808160	0.882031	0.843482
numberbatch	10	sigmoid	200	pca	0.770548	0.825668	0.869531	0.847032
numberbatch	10	sigmoid	200	nopca	0.731164	0.841350	0.778906	0.808925
numberbatch	10	sigmoid	300	pca	0.756849	0.824962	0.846875	0.835775
numberbatch	10	sigmoid	300	nopca	0.769406	0.834351	0.853906	0.844015
numberbatch	10	sigmoid	400	pca	0.739155	0.773422	0.909375	0.835907
numberbatch	10	sigmoid	400	nopca	0.771119	0.844166	0.842187	0.843176
numberbatch	10	sigmoid	500	pca	0.777397	0.844427	0.852344	0.848367
numberbatch	10	sigmoid	500	nopca	0.755708	0.814159	0.862500	0.837633
numberbatch	10	exponential	50	pca	0.768836	0.829195	0.860938	0.844768
numberbatch	10	exponential	50	nopca	0.771119	0.823876	0.873437	0.847933
numberbatch	10	exponential	100	pca	0.752283	0.790522	0.899219	0.841374
numberbatch	10	exponential	100	nopca	0.778539	0.832836	0.871875	0.851908
numberbatch	10	exponential	200	pca	0.746005	0.798427	0.872656	0.833893
numberbatch	10	exponential	200	nopca	0.759132	0.776418	0.941406	0.850989
numberbatch	10	exponential	300	pca	0.752854	0.813472	0.858594	0.835424
numberbatch	10	exponential	300	nopca	0.779680	0.825328	0.885938	0.854559
numberbatch	10	exponential	400	pca	0.769406	0.804590	0.903906	0.851361
numberbatch	10	exponential	400	nopca	0.752283	0.763387	0.957812	0.849619
numberbatch	10	exponential	500	pca	0.771689	0.808555	0.900781	0.852180
numberbatch	10	exponential	500	nopca	0.744863	0.834002	0.812500	0.823110
numberbatch	30	tanh	50	pca	0.762557	0.808571	0.884375	0.844776
numberbatch	30	tanh	50	nopca	0.768836	0.830688	0.858594	0.844410
numberbatch	30	tanh	100	pca	0.758562	0.818587	0.860156	0.838857
numberbatch	30	tanh	100	nopca	0.765982	0.841444	0.837500	0.839468
numberbatch	30	tanh	200	pca	0.696347	0.798246	0.782031	0.790055
numberbatch	30	tanh	200	nopca	0.766553	0.812635	0.884375	0.846988
numberbatch	30	tanh	300	pca	0.748858	0.834928	0.817969	0.826361
numberbatch	30	tanh	300	nopca	0.763128	0.798482	0.903906	0.847930
numberbatch	30	tanh	400	pca	0.759132	0.837795	0.831250	0.834510
numberbatch	30	tanh	400	nopca	0.747146	0.856170	0.785937	0.819552
numberbatch	30	tanh	500	pca	0.750571	0.840194	0.813281	0.826518
numberbatch	30	tanh	500	nopca	0.765411	0.829916	0.853906	0.841740
numberbatch	30	relu	50	pca	0.756849	0.808973	0.873437	0.839970
numberbatch	30	relu	50	nopca	0.754566	0.826421	0.840625	0.833462
numberbatch	30	relu	100	pca	0.758562	0.836078	0.832812	0.834442
numberbatch	30	relu	100	nopca	0.756279	0.826820	0.842969	0.834816
numberbatch	30	relu	200	pca	0.759703	0.834241	0.837500	0.835867
numberbatch	30	relu	200	nopca	0.753995	0.836105	0.825000	0.830515
numberbatch	30	relu	300	pca	0.752283	0.817091	0.851562	0.833971
numberbatch	30	relu	300	nopca	0.763699	0.842022	0.832812	0.837392
numberbatch	30	relu	400	pca	0.760274	0.804533	0.887500	0.843982
numberbatch	30	relu	400	nopca	0.767123	0.819648	0.873437	0.845688
numberbatch	30	relu	500	pca	0.742580	0.816654	0.835156	0.825801
numberbatch	30	relu	500	nopca	0.764269	0.827664	0.855469	0.841337
numberbatch	30	sigmoid	50	pca	0.752283	0.829953	0.831250	0.830601
numberbatch	30	sigmoid	50	nopca	0.746005	0.804522	0.861719	0.832139
numberbatch	30	sigmoid	100	pca	0.740868	0.795845	0.867969	0.830344
numberbatch	30	sigmoid	100	nopca	0.751142	0.770860	0.938281	0.846371
numberbatch	30	sigmoid	200	pca	0.754566	0.821970	0.847656	0.834615
numberbatch	30	sigmoid	200	nopca	0.761416	0.826021	0.853125	0.839354
numberbatch	30	sigmoid	300	pca	0.757991	0.816100	0.863281	0.839028
numberbatch	30	sigmoid	300	nopca	0.775114	0.816429	0.892969	0.852985
numberbatch	30	sigmoid	400	pca	0.748288	0.843009	0.805469	0.823811
numberbatch	30	sigmoid	400	nopca	0.774543	0.843823	0.848437	0.846124
numberbatch	30	sigmoid	500	pca	0.758562	0.841979	0.824219	0.833004
numberbatch	30	sigmoid	500	nopca	0.763699	0.833590	0.845313	0.839410
numberbatch	30	exponential	50	pca	0.772831	0.828614	0.868750	0.848207
numberbatch	30	exponential	50	nopca	0.746005	0.831612	0.817969	0.824734
numberbatch	30	exponential	100	pca	0.745434	0.799569	0.869531	0.833084
numberbatch	30	exponential	100	nopca	0.773402	0.815583	0.891406	0.851810
numberbatch	30	exponential	200	pca	0.755137	0.808557	0.871094	0.838661
numberbatch	30	exponential	200	nopca	0.769977	0.833968	0.855469	0.844582
numberbatch	30	exponential	300	pca	0.800228	0.843935	0.891406	0.867021
numberbatch	30	exponential	300	nopca	0.755137	0.838504	0.823438	0.830903
numberbatch	30	exponential	400	pca	0.711187	0.794970	0.814844	0.804784
numberbatch	30	exponential	400	nopca	0.763699	0.813314	0.878125	0.844478
numberbatch	30	exponential	500	pca	0.731735	0.796486	0.850000	0.822373
numberbatch	30	exponential	500	nopca	0.734589	0.787174	0.872656	0.827714
numberbatch	50	tanh	50	pca	0.748858	0.769231	0.937500	0.845070
numberbatch	50	tanh	50	nopca	0.759703	0.826616	0.849219	0.837765
numberbatch	50	tanh	100	pca	0.757991	0.812409	0.869531	0.840000
numberbatch	50	tanh	100	nopca	0.763128	0.814545	0.875000	0.843691
numberbatch	50	tanh	200	pca	0.743151	0.842975	0.796875	0.819277
numberbatch	50	tanh	200	nopca	0.769406	0.853226	0.826562	0.839683
numberbatch	50	tanh	300	pca	0.730594	0.791486	0.857031	0.822956
numberbatch	50	tanh	300	nopca	0.749429	0.806264	0.864844	0.834527
numberbatch	50	tanh	400	pca	0.750571	0.817156	0.848437	0.832503
numberbatch	50	tanh	400	nopca	0.741438	0.842018	0.795312	0.817999
numberbatch	50	tanh	500	pca	0.775114	0.837652	0.858594	0.847994
numberbatch	50	tanh	500	nopca	0.760274	0.858333	0.804688	0.830645
numberbatch	50	relu	50	pca	0.762557	0.823838	0.858594	0.840857
numberbatch	50	relu	50	nopca	0.763128	0.798482	0.903906	0.847930
numberbatch	50	relu	100	pca	0.754566	0.836234	0.825781	0.830975
numberbatch	50	relu	100	nopca	0.747146	0.764371	0.945312	0.845267
numberbatch	50	relu	200	pca	0.748288	0.831097	0.822656	0.826855
numberbatch	50	relu	200	nopca	0.750571	0.768985	0.941406	0.846505
numberbatch	50	relu	300	pca	0.760274	0.829755	0.845313	0.837461
numberbatch	50	relu	300	nopca	0.779110	0.827106	0.882031	0.853686
numberbatch	50	relu	400	pca	0.746005	0.849958	0.792188	0.820057
numberbatch	50	relu	400	nopca	0.750571	0.817156	0.848437	0.832503
numberbatch	50	relu	500	pca	0.763128	0.821084	0.864062	0.842025
numberbatch	50	relu	500	nopca	0.768265	0.822747	0.870313	0.845862
numberbatch	50	sigmoid	50	pca	0.749429	0.841038	0.810156	0.825308
numberbatch	50	sigmoid	50	nopca	0.745434	0.847500	0.794531	0.820161
numberbatch	50	sigmoid	100	pca	0.749429	0.812639	0.853906	0.832762
numberbatch	50	sigmoid	100	nopca	0.757420	0.825095	0.847656	0.836224
numberbatch	50	sigmoid	200	pca	0.759132	0.832558	0.839063	0.835798
numberbatch	50	sigmoid	200	nopca	0.744863	0.836702	0.808594	0.822408
numberbatch	50	sigmoid	300	pca	0.749429	0.820748	0.840625	0.830567
numberbatch	50	sigmoid	300	nopca	0.761986	0.827639	0.851562	0.839430
numberbatch	50	sigmoid	400	pca	0.749429	0.834527	0.819531	0.826961
numberbatch	50	sigmoid	400	nopca	0.736301	0.790483	0.869531	0.828125
numberbatch	50	sigmoid	500	pca	0.759703	0.847211	0.818750	0.832737
numberbatch	50	sigmoid	500	nopca	0.756279	0.813834	0.864062	0.838196
numberbatch	50	exponential	50	pca	0.743151	0.790210	0.882812	0.833948
numberbatch	50	exponential	50	nopca	0.772831	0.817723	0.886719	0.850825
numberbatch	50	exponential	100	pca	0.680365	0.809811	0.735156	0.770680
numberbatch	50	exponential	100	nopca	0.775114	0.827179	0.875000	0.850418
numberbatch	50	exponential	200	pca	0.753995	0.836638	0.824219	0.830382
numberbatch	50	exponential	200	nopca	0.779110	0.820531	0.892969	0.855219
numberbatch	50	exponential	300	pca	0.772831	0.836641	0.856250	0.846332
numberbatch	50	exponential	300	nopca	0.759703	0.822206	0.856250	0.838883
numberbatch	50	exponential	400	pca	0.752283	0.804317	0.873437	0.837453
numberbatch	50	exponential	400	nopca	0.760845	0.822956	0.857031	0.839648
numberbatch	50	exponential	500	pca	0.788813	0.819522	0.911719	0.863166
numberbatch	50	exponential	500	nopca	0.769406	0.848172	0.833594	0.840820
numberbatch	100	tanh	50	pca	0.755137	0.825555	0.842969	0.834171
numberbatch	100	tanh	50	nopca	0.760845	0.838178	0.833594	0.835879
numberbatch	100	tanh	100	pca	0.753425	0.780795	0.921094	0.845161
numberbatch	100	tanh	100	nopca	0.744292	0.828076	0.820312	0.824176
numberbatch	100	tanh	200	pca	0.757420	0.814570	0.864844	0.838954
numberbatch	100	tanh	200	nopca	0.762557	0.786853	0.925781	0.850682
numberbatch	100	tanh	300	pca	0.700913	0.787671	0.808594	0.797995
numberbatch	100	tanh	300	nopca	0.725457	0.781140	0.867188	0.821918
numberbatch	100	tanh	400	pca	0.749429	0.764965	0.948438	0.846878
numberbatch	100	tanh	400	nopca	0.773402	0.834723	0.860156	0.847249
numberbatch	100	tanh	500	pca	0.767123	0.826837	0.861719	0.843917
numberbatch	100	tanh	500	nopca	0.776826	0.831964	0.870313	0.850706
numberbatch	100	relu	50	pca	0.766553	0.829674	0.856250	0.842753
numberbatch	100	relu	50	nopca	0.729452	0.853509	0.760156	0.804132
numberbatch	100	relu	100	pca	0.783676	0.822477	0.897656	0.858424
numberbatch	100	relu	100	nopca	0.745434	0.855196	0.784375	0.818256
numberbatch	100	relu	200	pca	0.762557	0.815328	0.872656	0.843019
numberbatch	100	relu	200	nopca	0.766553	0.820929	0.870313	0.844900
numberbatch	100	relu	300	pca	0.755137	0.801132	0.884375	0.840698
numberbatch	100	relu	300	nopca	0.765411	0.836561	0.843750	0.840140
numberbatch	100	relu	400	pca	0.772260	0.822238	0.878125	0.849263
numberbatch	100	relu	400	nopca	0.757420	0.848411	0.813281	0.830475
numberbatch	100	relu	500	pca	0.749429	0.824710	0.834375	0.829515
numberbatch	100	relu	500	nopca	0.730023	0.821002	0.806250	0.813559
numberbatch	100	sigmoid	50	pca	0.745434	0.824766	0.827344	0.826053
numberbatch	100	sigmoid	50	nopca	0.773973	0.823099	0.879687	0.850453
numberbatch	100	sigmoid	100	pca	0.762557	0.841772	0.831250	0.836478
numberbatch	100	sigmoid	100	nopca	0.784817	0.833703	0.881250	0.856817
numberbatch	100	sigmoid	200	pca	0.759132	0.841017	0.826562	0.833727
numberbatch	100	sigmoid	200	nopca	0.763128	0.797660	0.905469	0.848152
numberbatch	100	sigmoid	300	pca	0.756849	0.825954	0.845313	0.835521
numberbatch	100	sigmoid	300	nopca	0.756849	0.835165	0.831250	0.833203
numberbatch	100	sigmoid	400	pca	0.744292	0.828076	0.820312	0.824176
numberbatch	100	sigmoid	400	nopca	0.751712	0.778510	0.922656	0.844476
numberbatch	100	sigmoid	500	pca	0.769977	0.806858	0.900781	0.851237
numberbatch	100	sigmoid	500	nopca	0.784247	0.851794	0.853125	0.852459
numberbatch	100	exponential	50	pca	0.747146	0.794097	0.882812	0.836108
numberbatch	100	exponential	50	nopca	0.754566	0.840545	0.819531	0.829905
numberbatch	100	exponential	100	pca	0.773402	0.815583	0.891406	0.851810
numberbatch	100	exponential	100	nopca	0.756849	0.850575	0.809375	0.829464
numberbatch	100	exponential	200	pca	0.739155	0.789993	0.875781	0.830678
numberbatch	100	exponential	200	nopca	0.735731	0.833469	0.797656	0.815170
numberbatch	100	exponential	300	pca	0.756849	0.824962	0.846875	0.835775
numberbatch	100	exponential	300	nopca	0.748858	0.808370	0.860156	0.833460
numberbatch	100	exponential	400	pca	0.763699	0.828030	0.853906	0.840769
numberbatch	100	exponential	400	nopca	0.748288	0.796886	0.879687	0.836242
numberbatch	100	exponential	500	pca	0.764269	0.831169	0.850000	0.840479
numberbatch	100	exponential	500	nopca	0.751712	0.797745	0.884375	0.838829
numberbatch	200	tanh	50	pca	0.752283	0.808759	0.865625	0.836226
numberbatch	200	tanh	50	nopca	0.760274	0.850734	0.814844	0.832402
numberbatch	200	tanh	100	pca	0.736872	0.788177	0.875000	0.829322
numberbatch	200	tanh	100	nopca	0.761416	0.829008	0.848437	0.838610
numberbatch	200	tanh	200	pca	0.756849	0.819611	0.855469	0.837156
numberbatch	200	tanh	200	nopca	0.770548	0.796221	0.921875	0.854453
numberbatch	200	tanh	300	pca	0.775685	0.829740	0.871875	0.850286
numberbatch	200	tanh	300	nopca	0.779680	0.810848	0.910937	0.857984
numberbatch	200	tanh	400	pca	0.769406	0.819708	0.877344	0.847547
numberbatch	200	tanh	400	nopca	0.777397	0.826246	0.880469	0.852496
numberbatch	200	tanh	500	pca	0.739726	0.847973	0.784375	0.814935
numberbatch	200	tanh	500	nopca	0.751142	0.844209	0.808594	0.826018
numberbatch	200	relu	50	pca	0.769406	0.811966	0.890625	0.849478
numberbatch	200	relu	50	nopca	0.776256	0.828402	0.875000	0.851064
numberbatch	200	relu	100	pca	0.764269	0.842688	0.832812	0.837721
numberbatch	200	relu	100	nopca	0.743721	0.833735	0.810937	0.822178
numberbatch	200	relu	200	pca	0.759703	0.807445	0.881250	0.842734
numberbatch	200	relu	200	nopca	0.764840	0.811334	0.883594	0.845924
numberbatch	200	relu	300	pca	0.734589	0.809886	0.832031	0.820809
numberbatch	200	relu	300	nopca	0.752283	0.834652	0.824219	0.829403
numberbatch	200	relu	400	pca	0.760845	0.818182	0.864844	0.840866
numberbatch	200	relu	400	nopca	0.760274	0.821375	0.858594	0.839572
numberbatch	200	relu	500	pca	0.751142	0.842532	0.810937	0.826433
numberbatch	200	relu	500	nopca	0.752283	0.818524	0.849219	0.833589
numberbatch	200	sigmoid	50	pca	0.748288	0.814704	0.848437	0.831228
numberbatch	200	sigmoid	50	nopca	0.755137	0.823083	0.846875	0.834809
numberbatch	200	sigmoid	100	pca	0.753995	0.784708	0.914062	0.844460
numberbatch	200	sigmoid	100	nopca	0.763699	0.839874	0.835938	0.837901
numberbatch	200	sigmoid	200	pca	0.759703	0.824151	0.853125	0.838388
numberbatch	200	sigmoid	200	nopca	0.739155	0.816782	0.828906	0.822800
numberbatch	200	sigmoid	300	pca	0.740868	0.831994	0.808594	0.820127
numberbatch	200	sigmoid	300	nopca	0.761416	0.798890	0.900000	0.846436
numberbatch	200	sigmoid	400	pca	0.777397	0.825292	0.882031	0.852719
numberbatch	200	sigmoid	400	nopca	0.755708	0.815556	0.860156	0.837262
numberbatch	200	sigmoid	500	pca	0.760845	0.818653	0.864062	0.840745
numberbatch	200	sigmoid	500	nopca	0.748288	0.836407	0.814844	0.825485
numberbatch	200	exponential	50	pca	0.754566	0.811584	0.864844	0.837368
numberbatch	200	exponential	50	nopca	0.778539	0.813202	0.904687	0.856509
numberbatch	200	exponential	100	pca	0.711187	0.803768	0.800000	0.801879
numberbatch	200	exponential	100	nopca	0.736301	0.801622	0.849219	0.824734
numberbatch	200	exponential	200	pca	0.763128	0.827403	0.853906	0.840446
numberbatch	200	exponential	200	nopca	0.765411	0.847878	0.827344	0.837485
numberbatch	200	exponential	300	pca	0.749429	0.787031	0.900781	0.840073
numberbatch	200	exponential	300	nopca	0.752283	0.840032	0.816406	0.828051
numberbatch	200	exponential	400	pca	0.780822	0.822302	0.892969	0.856180
numberbatch	200	exponential	400	nopca	0.768265	0.838760	0.845313	0.842023
numberbatch	200	exponential	500	pca	0.771689	0.820233	0.880469	0.849284
numberbatch	200	exponential	500	nopca	0.753995	0.814678	0.858594	0.836059
numberbatch	300	tanh	50	pca	0.769977	0.821245	0.875781	0.847637
numberbatch	300	tanh	50	nopca	0.768836	0.834225	0.853125	0.843569
numberbatch	300	tanh	100	pca	0.762557	0.822870	0.860156	0.841100
numberbatch	300	tanh	100	nopca	0.768836	0.835764	0.850781	0.843206
numberbatch	300	tanh	200	pca	0.767694	0.852300	0.825000	0.838428
numberbatch	300	tanh	200	nopca	0.749429	0.857264	0.788281	0.821327
numberbatch	300	tanh	300	pca	0.757420	0.806892	0.878125	0.841003
numberbatch	300	tanh	300	nopca	0.735731	0.827586	0.806250	0.816779
numberbatch	300	tanh	400	pca	0.769977	0.839659	0.846875	0.843252
numberbatch	300	tanh	400	nopca	0.776256	0.849057	0.843750	0.846395
numberbatch	300	tanh	500	pca	0.759132	0.828988	0.844531	0.836687
numberbatch	300	tanh	500	nopca	0.780251	0.826881	0.884375	0.854662
numberbatch	300	relu	50	pca	0.776826	0.840092	0.857812	0.848860
numberbatch	300	relu	50	nopca	0.748288	0.800286	0.873437	0.835263
numberbatch	300	relu	100	pca	0.759703	0.832688	0.839844	0.836250
numberbatch	300	relu	100	nopca	0.734018	0.815015	0.822656	0.818818
numberbatch	300	relu	200	pca	0.763699	0.849194	0.822656	0.835714
numberbatch	300	relu	200	nopca	0.748858	0.815315	0.848437	0.831547
numberbatch	300	relu	300	pca	0.761416	0.829511	0.847656	0.838485
numberbatch	300	relu	300	nopca	0.763128	0.838155	0.837500	0.837827
numberbatch	300	relu	400	pca	0.767694	0.833971	0.851562	0.842675
numberbatch	300	relu	400	nopca	0.753995	0.811903	0.863281	0.836804
numberbatch	300	relu	500	pca	0.771119	0.828721	0.865625	0.846771
numberbatch	300	relu	500	nopca	0.761986	0.852245	0.815625	0.833533
numberbatch	300	sigmoid	50	pca	0.745434	0.816388	0.840625	0.828329
numberbatch	300	sigmoid	50	nopca	0.754566	0.841091	0.818750	0.829770
numberbatch	300	sigmoid	100	pca	0.759132	0.817778	0.862500	0.839544
numberbatch	300	sigmoid	100	nopca	0.734589	0.778157	0.890625	0.830601
numberbatch	300	sigmoid	200	pca	0.760845	0.830391	0.845313	0.837786
numberbatch	300	sigmoid	200	nopca	0.727169	0.823387	0.797656	0.810317
numberbatch	300	sigmoid	300	pca	0.782534	0.833210	0.878125	0.855078
numberbatch	300	sigmoid	300	nopca	0.776826	0.830483	0.872656	0.851048
numberbatch	300	sigmoid	400	pca	0.758562	0.814842	0.866406	0.839833
numberbatch	300	sigmoid	400	nopca	0.759132	0.811773	0.872656	0.841114
numberbatch	300	sigmoid	500	pca	0.746575	0.842062	0.803906	0.822542
numberbatch	300	sigmoid	500	nopca	0.753425	0.852745	0.800781	0.825947
numberbatch	300	exponential	50	pca	0.754566	0.815750	0.857812	0.836253
numberbatch	300	exponential	50	nopca	0.763128	0.838155	0.837500	0.837827
numberbatch	300	exponential	100	pca	0.772260	0.844949	0.842969	0.843958
numberbatch	300	exponential	100	nopca	0.772260	0.846033	0.841406	0.843713
numberbatch	300	exponential	200	pca	0.773402	0.830712	0.866406	0.848184
numberbatch	300	exponential	200	nopca	0.772260	0.829469	0.866406	0.847535
numberbatch	300	exponential	300	pca	0.751142	0.820182	0.844531	0.832179
numberbatch	300	exponential	300	nopca	0.748858	0.837621	0.814063	0.825674
numberbatch	300	exponential	400	pca	0.784817	0.855792	0.848437	0.852099
numberbatch	300	exponential	400	nopca	0.762557	0.817647	0.868750	0.842424
numberbatch	300	exponential	500	pca	0.743151	0.806499	0.853125	0.829157
numberbatch	300	exponential	500	nopca	0.751142	0.836523	0.819531	0.827940
